location,year,month,total_vaccinations,people_vaccinated,people_fully_vaccinated,total_cases,new_cases,total_deaths,new_deaths,vaccine_types_used
Argentina,2021,1,6729473,6055417.0,673599.0,55312462.0,301725.0,1412028.0,4729.0,"Moderna, Oxford/AstraZeneca, Sinopharm/Beijing, Sputnik V"
Argentina,2021,2,20637015,14003718.0,6632562.0,56733848.0,180126.0,1407809.0,3991.0,"Moderna, Oxford/AstraZeneca, Sinopharm/Beijing, Sputnik V, CanSino"
Argentina,2021,3,86521743,70325290.0,16195445.0,68713761.0,241456.0,1674835.0,3893.0,"CanSino, Moderna, Oxford/AstraZeneca, Sinopharm/Beijing, Sputnik V, Pfizer/BioNTech"
Argentina,2021,4,191214278,166371920.0,24841032.0,79416752.0,628542.0,1774449.0,8007.0,"CanSino, Moderna, Oxford/AstraZeneca, Pfizer/BioNTech, Sinopharm/Beijing, Sputnik V"
Argentina,2021,5,329376366,265625045.0,63748945.0,103825064.0,804421.0,2196043.0,14228.0,"CanSino, Moderna, Oxford/AstraZeneca, Pfizer/BioNTech, Sinopharm/Beijing, Sputnik V"
Argentina,2021,6,529269461,419400581.0,109862840.0,125059837.0,688590.0,2601189.0,16211.0,"CanSino, Moderna, Oxford/AstraZeneca, Pfizer/BioNTech, Sinopharm/Beijing, Sputnik V"
Argentina,2021,7,857392566,682218768.0,175163491.0,146386195.0,459390.0,3120501.0,11417.0,"CanSino, Moderna, Oxford/AstraZeneca, Pfizer/BioNTech, Sinopharm/Beijing, Sputnik V"
Argentina,2021,8,1198936793,849553506.0,349365906.0,157553999.0,255856.0,3383419.0,6091.0,"CanSino, Moderna, Oxford/AstraZeneca, Pfizer/BioNTech, Sinopharm/Beijing, Sputnik V"
Argentina,2021,9,1472705509,880690069.0,592647466.0,156899177.0,71282.0,3415136.0,3367.0,"CanSino, Moderna, Oxford/AstraZeneca, Pfizer/BioNTech, Sinopharm/Beijing, Sputnik V"
Argentina,2021,10,1770314232,996122845.0,776919236.0,163452993.0,31905.0,3584551.0,771.0,"CanSino, Moderna, Oxford/AstraZeneca, Pfizer/BioNTech, Sinopharm/Beijing, Sputnik V"
Argentina,2021,11,1978244683,1094891379.0,854487182.0,159264713.0,41941.0,3488482.0,639.0,"CanSino, Moderna, Oxford/AstraZeneca, Pfizer/BioNTech, Sinopharm/Beijing, Sputnik V"
Argentina,2021,12,2298339783,1181650077.0,996089439.0,167592259.0,323660.0,3622740.0,580.0,"CanSino, Moderna, Oxford/AstraZeneca, Pfizer/BioNTech, Sinopharm/Beijing, Sputnik V"
Austria,2021,1,628886,601181.0,28076.0,12102376.0,53583.0,217497.0,1499.0,"Johnson&Johnson, Moderna, Novavax, Oxford/AstraZeneca, Pfizer/BioNTech"
Austria,2021,2,2138460,1364280.0,776204.0,12191179.0,45042.0,229966.0,840.0,"Johnson&Johnson, Moderna, Novavax, Oxford/AstraZeneca, Pfizer/BioNTech"
Austria,2021,3,5032891,3684874.0,1352386.0,15518627.0,86789.0,277208.0,778.0,"Johnson&Johnson, Moderna, Novavax, Oxford/AstraZeneca, Pfizer/BioNTech"
Austria,2021,4,12893302,9255844.0,3648109.0,17593916.0,72641.0,294285.0,866.0,"Johnson&Johnson, Moderna, Novavax, Oxford/AstraZeneca, Pfizer/BioNTech"
Austria,2021,5,17886445,12955577.0,5028864.0,19700766.0,25945.0,324107.0,398.0,"Johnson&Johnson, Moderna, Novavax, Oxford/AstraZeneca, Pfizer/BioNTech"
Austria,2021,6,26936391,17637157.0,9661616.0,19456014.0,5597.0,319981.0,101.0,"Johnson&Johnson, Moderna, Novavax, Oxford/AstraZeneca, Pfizer/BioNTech"
Austria,2021,7,45718403,26029106.0,20575861.0,20262301.0,8644.0,332483.0,35.0,"Johnson&Johnson, Moderna, Novavax, Oxford/AstraZeneca, Pfizer/BioNTech"
Austria,2021,8,41550619,21999204.0,20524920.0,20808835.0,29249.0,333501.0,45.0,"Johnson&Johnson, Moderna, Novavax, Oxford/AstraZeneca, Pfizer/BioNTech"
Austria,2021,9,43291970,22798593.0,21603241.0,21491965.0,54790.0,326302.0,237.0,"Johnson&Johnson, Moderna, Novavax, Oxford/AstraZeneca, Pfizer/BioNTech"
Austria,2021,10,56887359,29491539.0,27986956.0,24130362.0,87886.0,346244.0,348.0,"Johnson&Johnson, Moderna, Novavax, Oxford/AstraZeneca, Pfizer/BioNTech"
Austria,2021,11,51370387,24968295.0,23154160.0,29624544.0,329014.0,355056.0,1135.0,"Johnson&Johnson, Moderna, Novavax, Oxford/AstraZeneca, Pfizer/BioNTech"
Austria,2021,12,78897136,32927805.0,30717809.0,38302216.0,118624.0,411672.0,1241.0,"Johnson&Johnson, Moderna, Novavax, Oxford/AstraZeneca, Pfizer/BioNTech"
Belgium,2021,1,751073,4241445.0,118791.0,20983559.0,63657.0,631655.0,1564.0,"Johnson&Johnson, Moderna, Novavax, Oxford/AstraZeneca, Pfizer/BioNTech"
Belgium,2021,2,2737343,11599840.0,6250667.0,20733707.0,61358.0,606413.0,985.0,"Johnson&Johnson, Moderna, Novavax, Oxford/AstraZeneca, Pfizer/BioNTech"
Belgium,2021,3,5690342,29311697.0,13897952.0,25421637.0,110942.0,698886.0,939.0,"Johnson&Johnson, Moderna, Novavax, Oxford/AstraZeneca, Pfizer/BioNTech"
Belgium,2021,4,15615535,67903883.0,21851456.0,28207302.0,107776.0,709354.0,1214.0,"Johnson&Johnson, Moderna, Novavax, Oxford/AstraZeneca, Pfizer/BioNTech"
Belgium,2021,5,23062507,124669543.0,45902828.0,31954849.0,71772.0,764910.0,725.0,"Johnson&Johnson, Moderna, Novavax, Oxford/AstraZeneca, Pfizer/BioNTech"
Belgium,2021,6,36966084,181250506.0,98708694.0,32292651.0,23130.0,752857.0,218.0,"Johnson&Johnson, Moderna, Novavax, Oxford/AstraZeneca, Pfizer/BioNTech"
Belgium,2021,7,65509478,241090389.0,169527003.0,34201841.0,39584.0,781478.0,68.0,"Johnson&Johnson, Moderna, Novavax, Oxford/AstraZeneca, Pfizer/BioNTech"
Belgium,2021,8,63253834,258648385.0,239125204.0,35802514.0,59949.0,784440.0,139.0,"Johnson&Johnson, Moderna, Novavax, Oxford/AstraZeneca, Pfizer/BioNTech"
Belgium,2021,9,66215951,257054264.0,250536603.0,36463705.0,60290.0,764611.0,222.0,"Johnson&Johnson, Moderna, Novavax, Oxford/AstraZeneca, Pfizer/BioNTech"
Belgium,2021,10,86362296,269814101.0,265073733.0,40032128.0,115696.0,799027.0,392.0,"Johnson&Johnson, Moderna, Novavax, Oxford/AstraZeneca, Pfizer/BioNTech"
Belgium,2021,11,72635533,264569018.0,260293437.0,46113229.0,405385.0,793400.0,1021.0,"Johnson&Johnson, Moderna, Novavax, Oxford/AstraZeneca, Pfizer/BioNTech"
Belgium,2021,12,103142339,276090901.0,272336560.0,60896408.0,339308.0,860115.0,1316.0,"Johnson&Johnson, Moderna, Novavax, Oxford/AstraZeneca, Pfizer/BioNTech"
Bulgaria,2021,1,99194,499942.0,94707.0,6550706.0,16482.0,261407.0,1469.0,"Pfizer/BioNTech, Moderna"
Bulgaria,2021,2,464224,2117004.0,660707.0,6492052.0,28290.0,270490.0,1146.0,"Moderna, Oxford/AstraZeneca, Pfizer/BioNTech"
Bulgaria,2021,3,1432961,8817984.0,2021931.0,9012470.0,95595.0,359929.0,3006.0,"Moderna, Oxford/AstraZeneca, Pfizer/BioNTech"
Bulgaria,2021,4,3262615,14813354.0,4028310.0,11402304.0,61747.0,448434.0,3202.0,"Moderna, Oxford/AstraZeneca, Pfizer/BioNTech, Johnson&Johnson"
Bulgaria,2021,5,4669068,21880050.0,12470967.0,12813504.0,14197.0,533689.0,1301.0,"Johnson&Johnson, Moderna, Oxford/AstraZeneca, Pfizer/BioNTech"
Bulgaria,2021,6,6430031,26690136.0,21263885.0,12616355.0,3252.0,537895.0,361.0,"Johnson&Johnson, Moderna, Oxford/AstraZeneca, Pfizer/BioNTech"
Bulgaria,2021,7,9556487,16924847.0,14951480.0,13114402.0,3225.0,562938.0,152.0,"Johnson&Johnson, Moderna, Oxford/AstraZeneca, Pfizer/BioNTech"
Bulgaria,2021,8,8758691,18044441.0,33628236.0,13546653.0,30688.0,571340.0,683.0,"Johnson&Johnson, Moderna, Oxford/AstraZeneca, Pfizer/BioNTech"
Bulgaria,2021,9,9737710,0.0,37726119.0,14345031.0,46420.0,595258.0,1986.0,"Johnson&Johnson, Moderna, Oxford/AstraZeneca, Pfizer/BioNTech"
Bulgaria,2021,10,13360169,2940741.0,40656963.0,16915796.0,100330.0,693426.0,3117.0,"Johnson&Johnson, Moderna, Oxford/AstraZeneca, Pfizer/BioNTech"
Bulgaria,2021,11,12520862,1786530.0,47760789.0,19750211.0,92565.0,794753.0,4454.0,"Johnson&Johnson, Moderna, Oxford/AstraZeneca, Pfizer/BioNTech"
Bulgaria,2021,12,17849791,1904143.0,55763726.0,22352598.0,52051.0,925071.0,2502.0,"Johnson&Johnson, Moderna, Oxford/AstraZeneca, Pfizer/BioNTech"
Chile,2021,1,1097498,934767.0,162731.0,20661911.0,118136.0,540938.0,1844.0,Pfizer/BioNTech
Chile,2021,2,54891587,53678554.0,1213033.0,21754084.0,97516.0,546762.0,2120.0,"Pfizer/BioNTech, Sinovac"
Chile,2021,3,223591977,159939159.0,63652818.0,28062147.0,170913.0,676397.0,2563.0,"Pfizer/BioNTech, Sinovac"
Chile,2021,4,385838155,227873895.0,157964260.0,33124646.0,202707.0,744626.0,3218.0,"Pfizer/BioNTech, Sinovac, Oxford/AstraZeneca"
Chile,2021,5,520263839,287920030.0,232343884.0,39934689.0,186101.0,862376.0,2947.0,"Oxford/AstraZeneca, Pfizer/BioNTech, Sinovac, CanSino"
Chile,2021,6,631054271,356474867.0,281058965.0,44517883.0,171556.0,928910.0,3245.0,"CanSino, Oxford/AstraZeneca, Pfizer/BioNTech, Sinovac"
Chile,2021,7,767750786,416652527.0,366127094.0,49388121.0,59869.0,1060535.0,2903.0,"CanSino, Oxford/AstraZeneca, Pfizer/BioNTech, Sinovac"
Chile,2021,8,830692414,441114075.0,405654936.0,50497566.0,22904.0,1126688.0,1489.0,"CanSino, Oxford/AstraZeneca, Pfizer/BioNTech, Sinovac"
Chile,2021,9,844103723,441684181.0,419195112.0,49380560.0,15589.0,1117971.0,531.0,"CanSino, Oxford/AstraZeneca, Pfizer/BioNTech, Sinovac"
Chile,2021,10,931320339,499457962.0,449535048.0,51806783.0,40784.0,1166007.0,502.0,"CanSino, Oxford/AstraZeneca, Pfizer/BioNTech, Sinovac"
Chile,2021,11,957692824,501724028.0,473152397.0,51881368.0,67703.0,1140689.0,589.0,"CanSino, Oxford/AstraZeneca, Pfizer/BioNTech, Sinovac"
Chile,2021,12,1020089651,530108359.0,507764227.0,55395307.0,43743.0,1201811.0,769.0,"CanSino, Oxford/AstraZeneca, Pfizer/BioNTech, Sinovac"
Croatia,2021,1,251080,374043.0,11907.0,6921173.0,21589.0,141227.0,1107.0,"Pfizer/BioNTech, Moderna, Oxford/AstraZeneca"
Croatia,2021,2,672171,828334.0,462293.0,6657593.0,10547.0,148719.0,499.0,"Johnson&Johnson, Moderna, Oxford/AstraZeneca, Pfizer/BioNTech"
Croatia,2021,3,1598297,2441033.0,658131.0,7881286.0,28659.0,177184.0,421.0,"Johnson&Johnson, Moderna, Oxford/AstraZeneca, Pfizer/BioNTech"
Croatia,2021,4,3787730,15058799.0,3781140.0,9063636.0,60551.0,194602.0,1134.0,"Johnson&Johnson, Moderna, Oxford/AstraZeneca, Pfizer/BioNTech"
Croatia,2021,5,6234568,29580570.0,9531727.0,10797806.0,23998.0,237698.0,945.0,"Johnson&Johnson, Moderna, Oxford/AstraZeneca, Pfizer/BioNTech"
Croatia,2021,6,9241201,33776913.0,18686879.0,10757171.0,3691.0,244260.0,180.0,"Johnson&Johnson, Moderna, Oxford/AstraZeneca, Pfizer/BioNTech"
Croatia,2021,7,14862692,40991389.0,33905141.0,11206532.0,3743.0,255271.0,53.0,"Johnson&Johnson, Moderna, Oxford/AstraZeneca, Pfizer/BioNTech"
Croatia,2021,8,13031897,47120141.0,43396890.0,11404200.0,10383.0,257011.0,75.0,"Johnson&Johnson, Moderna, Oxford/AstraZeneca, Pfizer/BioNTech"
Croatia,2021,9,13638182,51478782.0,9766079.0,11648531.0,30792.0,254288.0,306.0,"Johnson&Johnson, Moderna, Oxford/AstraZeneca, Pfizer/BioNTech"
Croatia,2021,10,17870543,43091934.0,35181610.0,13340229.0,65558.0,275792.0,580.0,"Johnson&Johnson, Moderna, Oxford/AstraZeneca, Pfizer/BioNTech"
Croatia,2021,11,15829951,53757605.0,44836516.0,16261639.0,137857.0,300130.0,1679.0,"Johnson&Johnson, Moderna, Oxford/AstraZeneca, Pfizer/BioNTech"
Croatia,2021,12,22670867,64818961.0,11666626.0,20600943.0,107040.0,365962.0,1639.0,"Johnson&Johnson, Moderna, Oxford/AstraZeneca, Pfizer/BioNTech"
Cyprus,2021,1,48447,55102.0,7608.0,878272.0,8881.0,5081.0,78.0,"Pfizer/BioNTech, Moderna"
Cyprus,2021,2,201791,187831.0,86964.0,923859.0,3708.0,6171.0,34.0,"Pfizer/BioNTech, Moderna, Oxford/AstraZeneca"
Cyprus,2021,3,490506,164009.0,64704.0,1260010.0,11170.0,7475.0,25.0,"Moderna, Oxford/AstraZeneca, Pfizer/BioNTech"
Cyprus,2021,4,1066057,1174830.0,441934.0,1665592.0,20097.0,8462.0,52.0,"Moderna, Oxford/AstraZeneca, Pfizer/BioNTech, Johnson&Johnson"
Cyprus,2021,5,1886873,5254186.0,2056220.0,2210458.0,7281.0,10630.0,52.0,"Johnson&Johnson, Moderna, Oxford/AstraZeneca, Pfizer/BioNTech"
Cyprus,2021,6,2867390,7198159.0,4678423.0,2237398.0,3069.0,11131.0,14.0,"Moderna, Oxford/AstraZeneca, Pfizer/BioNTech, Johnson&Johnson"
Cyprus,2021,7,4562556,10901870.0,9154427.0,2786245.0,26374.0,12079.0,45.0,"Johnson&Johnson, Moderna, Oxford/AstraZeneca, Pfizer/BioNTech"
Cyprus,2021,8,4143844,9421592.0,8287481.0,3417317.0,12384.0,14448.0,90.0,"Johnson&Johnson, Moderna, Oxford/AstraZeneca, Pfizer/BioNTech"
Cyprus,2021,9,4380083,9386541.0,8606432.0,3545967.0,4833.0,16156.0,42.0,"Johnson&Johnson, Moderna, Oxford/AstraZeneca, Pfizer/BioNTech"
Cyprus,2021,10,5759980,7203550.0,6770138.0,3784961.0,3874.0,17458.0,23.0,"Johnson&Johnson, Moderna, Oxford/AstraZeneca, Pfizer/BioNTech"
Cyprus,2021,11,4856309,7342999.0,6914502.0,3853409.0,10456.0,17552.0,22.0,"Johnson&Johnson, Moderna, Oxford/AstraZeneca, Pfizer/BioNTech"
Cyprus,2021,12,7023414,5702686.0,5949827.0,4492797.0,32354.0,19094.0,41.0,"Johnson&Johnson, Moderna, Oxford/AstraZeneca, Pfizer/BioNTech"
Czechia,2021,1,4048820,3782298.0,266546.0,26959120.0,266113.0,436680.0,4728.0,"Moderna, Pfizer/BioNTech"
Czechia,2021,2,13529531,8900098.0,4629433.0,30777715.0,250706.0,512288.0,4031.0,"Moderna, Pfizer/BioNTech, Oxford/AstraZeneca"
Czechia,2021,3,37406981,26680292.0,10727862.0,43611257.0,299066.0,731177.0,6082.0,"Moderna, Oxford/AstraZeneca, Pfizer/BioNTech, Johnson&Johnson"
Czechia,2021,4,72572445,48320639.0,24278231.0,47718289.0,98426.0,843904.0,2846.0,"Johnson&Johnson, Moderna, Oxford/AstraZeneca, Pfizer/BioNTech"
Czechia,2021,5,132136838,96323284.0,36548785.0,51169649.0,30514.0,924449.0,841.0,"Johnson&Johnson, Moderna, Oxford/AstraZeneca, Pfizer/BioNTech"
Czechia,2021,6,207433676,138931017.0,70646382.0,49954479.0,6015.0,907007.0,195.0,"Johnson&Johnson, Moderna, Oxford/AstraZeneca, Pfizer/BioNTech"
Czechia,2021,7,292981681,167296291.0,129152072.0,51784975.0,6289.0,940442.0,71.0,"Johnson&Johnson, Moderna, Oxford/AstraZeneca, Pfizer/BioNTech"
Czechia,2021,8,342545707,181424867.0,166607709.0,51968562.0,5613.0,941777.0,46.0,"Johnson&Johnson, Moderna, Oxford/AstraZeneca, Pfizer/BioNTech"
Czechia,2021,9,351513841,181387254.0,176771710.0,50545691.0,12300.0,912799.0,55.0,"Johnson&Johnson, Moderna, Oxford/AstraZeneca, Pfizer/BioNTech"
Czechia,2021,10,371984222,190889738.0,187499978.0,53159199.0,72509.0,947459.0,294.0,"Johnson&Johnson, Moderna, Oxford/AstraZeneca, Pfizer/BioNTech"
Czechia,2021,11,386584785,194084416.0,187126169.0,57899447.0,387140.0,951756.0,2316.0,"Johnson&Johnson, Moderna, Oxford/AstraZeneca, Pfizer/BioNTech"
Czechia,2021,12,448241536,209867027.0,202867280.0,72970861.0,325687.0,1078261.0,3060.0,"Johnson&Johnson, Moderna, Oxford/AstraZeneca, Pfizer/BioNTech"
Denmark,2021,1,701798,3914359.0,413437.0,5764387.0,34993.0,53990.0,827.0,"Moderna, Pfizer/BioNTech, Johnson&Johnson, Oxford/AstraZeneca"
Denmark,2021,2,1706000,6928658.0,4038743.0,5735358.0,12723.0,63827.0,236.0,"Johnson&Johnson, Moderna, Oxford/AstraZeneca, Pfizer/BioNTech"
Denmark,2021,3,3395495,17669179.0,8013520.0,6859466.0,21409.0,74189.0,58.0,"Johnson&Johnson, Moderna, Oxford/AstraZeneca, Pfizer/BioNTech"
Denmark,2021,4,7616671,29685056.0,14158815.0,7228946.0,19951.0,73575.0,64.0,"Johnson&Johnson, Moderna, Oxford/AstraZeneca, Pfizer/BioNTech"
Denmark,2021,5,11238714,51867672.0,30514474.0,8258194.0,30673.0,77569.0,33.0,"Johnson&Johnson, Moderna, Oxford/AstraZeneca, Pfizer/BioNTech"
Denmark,2021,6,17235628,83596716.0,46448976.0,8689435.0,12450.0,75772.0,18.0,"Johnson&Johnson, Moderna, Oxford/AstraZeneca, Pfizer/BioNTech"
Denmark,2021,7,31413403,117803489.0,79616738.0,9436465.0,23130.0,78769.0,15.0,"Johnson&Johnson, Moderna, Oxford/AstraZeneca, Pfizer/BioNTech"
Denmark,2021,8,31021468,133433228.0,116807162.0,10283943.0,28886.0,79414.0,35.0,"Johnson&Johnson, Moderna, Oxford/AstraZeneca, Pfizer/BioNTech"
Denmark,2021,9,32686421,132375544.0,128601933.0,10595666.0,13103.0,78558.0,72.0,"Johnson&Johnson, Moderna, Oxford/AstraZeneca, Pfizer/BioNTech"
Denmark,2021,10,42006095,137869736.0,135961288.0,11467658.0,28987.0,83207.0,58.0,"Johnson&Johnson, Moderna, Oxford/AstraZeneca, Pfizer/BioNTech"
Denmark,2021,11,35446925,135241144.0,133172652.0,12973353.0,99618.0,83539.0,181.0,"Johnson&Johnson, Moderna, Oxford/AstraZeneca, Pfizer/BioNTech"
Denmark,2021,12,51720245,145500131.0,140454463.0,18863612.0,314996.0,95202.0,312.0,"Johnson&Johnson, Moderna, Oxford/AstraZeneca, Pfizer/BioNTech"
Ecuador,2021,1,60221,60221.0,0.0,7125483.0,38316.0,445664.0,825.0,"Pfizer/BioNTech, Sinovac"
Ecuador,2021,2,826294,759601.0,66693.0,7472445.0,35327.0,428747.0,952.0,"Pfizer/BioNTech, Sinovac, Oxford/AstraZeneca"
Ecuador,2021,3,8034432,7160932.0,873500.0,9480656.0,42600.0,505563.0,1036.0,"Oxford/AstraZeneca, Pfizer/BioNTech, Sinovac"
Ecuador,2021,4,26913588,22080993.0,4832595.0,10654344.0,53107.0,527926.0,1784.0,"Oxford/AstraZeneca, Pfizer/BioNTech, Sinovac"
Ecuador,2021,5,68309832,54258944.0,14050888.0,12663896.0,44175.0,609921.0,1941.0,"Oxford/AstraZeneca, Pfizer/BioNTech, Sinovac"
Ecuador,2021,6,116414733,81638453.0,34776280.0,13253196.0,32467.0,633587.0,988.0,"Oxford/AstraZeneca, Pfizer/BioNTech, Sinovac"
Ecuador,2021,7,260270818,200169876.0,60100942.0,14679591.0,28868.0,787795.0,1285.0,"Oxford/AstraZeneca, Pfizer/BioNTech, Sinovac"
Ecuador,2021,8,499614559,328665603.0,172114322.0,15358152.0,14371.0,990974.0,628.0,"Oxford/AstraZeneca, Pfizer/BioNTech, Sinovac, CanSino"
Ecuador,2021,9,608943915,209590247.0,185612895.0,15186087.0,8434.0,976576.0,525.0,"CanSino, Oxford/AstraZeneca, Pfizer/BioNTech, Sinovac"
Ecuador,2021,10,669388653,368563300.0,312651296.0,15921775.0,7085.0,1019843.0,196.0,"CanSino, Oxford/AstraZeneca, Pfizer/BioNTech, Sinovac"
Ecuador,2021,11,711310367,395270622.0,322255921.0,15671432.0,10478.0,992660.0,316.0,"CanSino, Oxford/AstraZeneca, Pfizer/BioNTech, Sinovac"
Ecuador,2021,12,822388656,435116835.0,376639161.0,16621960.0,22085.0,1040620.0,385.0,"CanSino, Oxford/AstraZeneca, Pfizer/BioNTech, Sinovac"
Estonia,2021,1,96375,505741.0,79945.0,1127645.0,16218.0,10037.0,190.0,"Pfizer/BioNTech, Moderna"
Estonia,2021,2,330856,1427751.0,675720.0,1495578.0,21392.0,14034.0,170.0,"Moderna, Pfizer/BioNTech, Oxford/AstraZeneca"
Estonia,2021,3,835761,4464964.0,1736282.0,2713051.0,40824.0,23021.0,313.0,"Moderna, Oxford/AstraZeneca, Pfizer/BioNTech"
Estonia,2021,4,1925189,8249472.0,2787089.0,3472209.0,15595.0,31686.0,259.0,"Moderna, Oxford/AstraZeneca, Pfizer/BioNTech, Johnson&Johnson"
Estonia,2021,5,2520963,12549282.0,6114759.0,3927342.0,7525.0,37739.0,91.0,"Johnson&Johnson, Moderna, Oxford/AstraZeneca, Pfizer/BioNTech"
Estonia,2021,6,3523671,15812081.0,10810429.0,3916223.0,1520.0,37975.0,17.0,"Johnson&Johnson, Moderna, Oxford/AstraZeneca, Pfizer/BioNTech"
Estonia,2021,7,5472069,18503941.0,15878934.0,4089066.0,2493.0,39386.0,3.0,"Johnson&Johnson, Moderna, Oxford/AstraZeneca, Pfizer/BioNTech"
Estonia,2021,8,5073839,21383296.0,18732466.0,4260117.0,8399.0,39696.0,20.0,"Johnson&Johnson, Moderna, Oxford/AstraZeneca, Pfizer/BioNTech"
Estonia,2021,9,5529019,22311290.0,20329094.0,4455142.0,14301.0,39637.0,65.0,"Johnson&Johnson, Moderna, Oxford/AstraZeneca, Pfizer/BioNTech"
Estonia,2021,10,7409711,23963065.0,22881090.0,5349132.0,37712.0,44235.0,174.0,"Johnson&Johnson, Moderna, Oxford/AstraZeneca, Pfizer/BioNTech"
Estonia,2021,11,6645394,24477262.0,23268607.0,6358744.0,28615.0,50539.0,269.0,"Johnson&Johnson, Moderna, Oxford/AstraZeneca, Pfizer/BioNTech"
Estonia,2021,12,9102188,25902308.0,24984593.0,7160912.0,18824.0,57954.0,132.0,"Johnson&Johnson, Moderna, Oxford/AstraZeneca, Pfizer/BioNTech"
Finland,2021,1,382296,334704.0,24648.0,1260599.0,9124.0,20340.0,111.0,"Johnson&Johnson, Moderna, Oxford/AstraZeneca, Pfizer/BioNTech"
Finland,2021,2,1377277,1086847.0,284366.0,1440409.0,12549.0,20733.0,81.0,"Johnson&Johnson, Moderna, Oxford/AstraZeneca, Pfizer/BioNTech"
Finland,2021,3,3111182,2740791.0,359327.0,2129465.0,19948.0,25872.0,98.0,"Johnson&Johnson, Moderna, Oxford/AstraZeneca, Pfizer/BioNTech"
Finland,2021,4,7517738,5076939.0,482608.0,2502481.0,9088.0,27256.0,50.0,"Johnson&Johnson, Moderna, Oxford/AstraZeneca, Pfizer/BioNTech"
Finland,2021,5,10272041,10613210.0,1563528.0,2798381.0,5584.0,29590.0,43.0,"Johnson&Johnson, Moderna, Oxford/AstraZeneca, Pfizer/BioNTech"
Finland,2021,6,15068202,11837986.0,3207704.0,2826645.0,3294.0,29416.0,9.0,"Johnson&Johnson, Moderna, Oxford/AstraZeneca, Pfizer/BioNTech"
Finland,2021,7,25630050,14083482.0,5844361.0,3114035.0,11449.0,30725.0,21.0,"Johnson&Johnson, Moderna, Oxford/AstraZeneca, Pfizer/BioNTech"
Finland,2021,8,25557963,19314692.0,11893392.0,3671099.0,20517.0,31960.0,52.0,"Johnson&Johnson, Moderna, Oxford/AstraZeneca, Pfizer/BioNTech"
Finland,2021,9,29239265,16379925.0,12822077.0,4061342.0,14135.0,32533.0,61.0,"Johnson&Johnson, Moderna, Oxford/AstraZeneca, Pfizer/BioNTech"
Finland,2021,10,39870250,20944060.0,18573408.0,4682518.0,17314.0,36669.0,127.0,"Johnson&Johnson, Moderna, Oxford/AstraZeneca, Pfizer/BioNTech"
Finland,2021,11,33806540,12784702.0,15961815.0,5185980.0,28966.0,40843.0,233.0,"Johnson&Johnson, Moderna, Oxford/AstraZeneca, Pfizer/BioNTech"
Finland,2021,12,46294224,0.0,8146737.0,6755812.0,82439.0,49199.0,236.0,"Johnson&Johnson, Moderna, Oxford/AstraZeneca, Pfizer/BioNTech"
France,2021,1,19815779,19626314.0,189459.0,91027550.0,577182.0,2177206.0,11425.0,"Pfizer/BioNTech, Moderna"
France,2021,2,90842282,68756291.0,22085911.0,98411669.0,559352.0,2294696.0,10371.0,"Moderna, Pfizer/BioNTech, Oxford/AstraZeneca"
France,2021,3,250891064,179848316.0,71041388.0,130031811.0,888803.0,2826416.0,9213.0,"Moderna, Oxford/AstraZeneca, Pfizer/BioNTech"
France,2021,4,504825678,372065906.0,132862541.0,156578904.0,972456.0,3005873.0,8875.0,"Moderna, Oxford/AstraZeneca, Pfizer/BioNTech, Johnson&Johnson"
France,2021,5,928476870,654799778.0,278076437.0,178646168.0,399809.0,3332537.0,5016.0,"Johnson&Johnson, Moderna, Oxford/AstraZeneca, Pfizer/BioNTech"
France,2021,6,1399983963,939389996.0,472636483.0,173460177.0,108355.0,3315391.0,1566.0,"Johnson&Johnson, Moderna, Oxford/AstraZeneca, Pfizer/BioNTech"
France,2021,7,2011614913,1184081600.0,846324742.0,183825797.0,352170.0,3455949.0,795.0,"Johnson&Johnson, Moderna, Oxford/AstraZeneca, Pfizer/BioNTech"
France,2021,8,2545602699,1450222090.0,1121121331.0,202070477.0,624267.0,3503533.0,2578.0,"Johnson&Johnson, Moderna, Oxford/AstraZeneca, Pfizer/BioNTech"
France,2021,9,2782689367,1505913186.0,1288462132.0,208895970.0,263713.0,3473840.0,2244.0,"Johnson&Johnson, Moderna, Oxford/AstraZeneca, Pfizer/BioNTech"
France,2021,10,3033334198,1592794193.0,1407372818.0,221053179.0,153595.0,3635728.0,990.0,"Johnson&Johnson, Moderna, Oxford/AstraZeneca, Pfizer/BioNTech"
France,2021,11,3077084256,1562456061.0,1397052265.0,221854590.0,508751.0,3550631.0,1476.0,"Johnson&Johnson, Moderna, Oxford/AstraZeneca, Pfizer/BioNTech"
France,2021,12,3597452724,1635098179.0,1502102180.0,266347950.0,2297738.0,3760312.0,4612.0,"Johnson&Johnson, Moderna, Oxford/AstraZeneca, Pfizer/BioNTech"
Germany,2021,1,39012444,34600184.0,4412956.0,61835454.0,496626.0,1401322.0,23874.0,"Johnson&Johnson, Moderna, Novavax, Oxford/AstraZeneca, Pfizer/BioNTech"
Germany,2021,2,123710793,82010985.0,41701339.0,65370665.0,225973.0,1811350.0,13100.0,"Johnson&Johnson, Moderna, Novavax, Oxford/AstraZeneca, Pfizer/BioNTech"
Germany,2021,3,315514268,217357807.0,98158668.0,80734735.0,366537.0,2281702.0,6297.0,"Johnson&Johnson, Moderna, Novavax, Oxford/AstraZeneca, Pfizer/BioNTech"
Germany,2021,4,634408392,472689165.0,161729166.0,92738909.0,572724.0,2383329.0,6508.0,"Johnson&Johnson, Moderna, Novavax, Oxford/AstraZeneca, Pfizer/BioNTech"
Germany,2021,5,1261609754,950476312.0,315074959.0,110749970.0,299529.0,2665823.0,5592.0,"Johnson&Johnson, Moderna, Novavax, Oxford/AstraZeneca, Pfizer/BioNTech"
Germany,2021,6,1916095927,1247538242.0,710673951.0,111402392.0,47015.0,2698444.0,2433.0,"Johnson&Johnson, Moderna, Novavax, Oxford/AstraZeneca, Pfizer/BioNTech"
Germany,2021,7,2649653271,1544539170.0,1174081993.0,116067693.0,41024.0,2830894.0,783.0,"Johnson&Johnson, Moderna, Novavax, Oxford/AstraZeneca, Pfizer/BioNTech"
Germany,2021,8,3047547752,1647270396.0,1482431619.0,118979976.0,173691.0,2848936.0,542.0,"Johnson&Johnson, Moderna, Novavax, Oxford/AstraZeneca, Pfizer/BioNTech"
Germany,2021,9,3160826677,1673636530.0,1568497874.0,123056375.0,284645.0,2785127.0,1438.0,"Johnson&Johnson, Moderna, Novavax, Oxford/AstraZeneca, Pfizer/BioNTech"
Germany,2021,10,3415467598,1778123546.0,1697044950.0,135782969.0,370049.0,2932962.0,2091.0,"Johnson&Johnson, Moderna, Novavax, Oxford/AstraZeneca, Pfizer/BioNTech"
Germany,2021,11,3503798088,1758404985.0,1691159600.0,154041585.0,1239263.0,2945464.0,5615.0,"Johnson&Johnson, Moderna, Novavax, Oxford/AstraZeneca, Pfizer/BioNTech"
Germany,2021,12,4318979587,1888597141.0,1807674592.0,205071087.0,1313609.0,3316632.0,10581.0,"Johnson&Johnson, Moderna, Novavax, Oxford/AstraZeneca, Pfizer/BioNTech"
Hungary,2021,1,655654,2265718.0,301037.0,10794651.0,45072.0,346855.0,2987.0,"Pfizer/BioNTech, Moderna"
Hungary,2021,2,2492318,10708763.0,4215391.0,10954073.0,61013.0,384874.0,2450.0,"Moderna, Oxford/AstraZeneca, Pfizer/BioNTech, Sputnik V, Sinopharm/Beijing"
Hungary,2021,3,7773119,41535153.0,13225204.0,16553070.0,223834.0,543043.0,5763.0,"Moderna, Oxford/AstraZeneca, Pfizer/BioNTech, Sinopharm/Beijing, Sputnik V"
Hungary,2021,4,23420949,83498294.0,36061069.0,21975323.0,126915.0,733442.0,6803.0,"Moderna, Oxford/AstraZeneca, Pfizer/BioNTech, Sinopharm/Beijing, Sputnik V, Johnson&Johnson"
Hungary,2021,5,30589729,139639109.0,84132309.0,24673915.0,25190.0,898997.0,2193.0,"Johnson&Johnson, Moderna, Oxford/AstraZeneca, Pfizer/BioNTech, Sinopharm/Beijing, Sputnik V"
Hungary,2021,6,38298119,117826812.0,94662161.0,24207963.0,3590.0,897466.0,259.0,"Johnson&Johnson, Moderna, Oxford/AstraZeneca, Pfizer/BioNTech, Sinopharm/Beijing, Sputnik V"
Hungary,2021,7,53015515,77889978.0,73706727.0,25071230.0,1363.0,930343.0,34.0,"Johnson&Johnson, Moderna, Oxford/AstraZeneca, Pfizer/BioNTech, Sinopharm/Beijing, Sputnik V"
Hungary,2021,8,44430129,119278302.0,115335564.0,25128946.0,2846.0,931322.0,32.0,"Johnson&Johnson, Moderna, Oxford/AstraZeneca, Pfizer/BioNTech, Sinopharm/Beijing, Sputnik V"
Hungary,2021,9,46992215,128702008.0,122607439.0,24503571.0,10368.0,903405.0,132.0,"Johnson&Johnson, Moderna, Oxford/AstraZeneca, Pfizer/BioNTech, Sinopharm/Beijing, Sputnik V"
Hungary,2021,10,61899833,118501426.0,113998125.0,25969172.0,40714.0,942673.0,539.0,"Johnson&Johnson, Moderna, Oxford/AstraZeneca, Pfizer/BioNTech, Sinopharm/Beijing, Sputnik V"
Hungary,2021,11,53431488,132464586.0,127256190.0,29142818.0,239689.0,971527.0,3792.0,"Johnson&Johnson, Moderna, Oxford/AstraZeneca, Pfizer/BioNTech, Sinopharm/Beijing, Sputnik V"
Hungary,2021,12,74257192,124091558.0,118317680.0,37227269.0,153307.0,1151470.0,4665.0,"Johnson&Johnson, Moderna, Oxford/AstraZeneca, Pfizer/BioNTech, Sinopharm/Beijing, Sputnik V"
Ireland,2021,1,511680,2819828.0,205909.0,4945372.0,104768.0,82195.0,1070.0,"Pfizer/BioNTech, Johnson&Johnson, Moderna, Oxford/AstraZeneca"
Ireland,2021,2,1397072,5938075.0,3191309.0,5864137.0,23045.0,109821.0,1012.0,"Johnson&Johnson, Moderna, Oxford/AstraZeneca, Pfizer/BioNTech"
Ireland,2021,3,2755007,14533331.0,5708238.0,7065554.0,16262.0,140547.0,368.0,"Johnson&Johnson, Moderna, Oxford/AstraZeneca, Pfizer/BioNTech"
Ireland,2021,4,6515161,26947359.0,11253758.0,7281321.0,13016.0,144297.0,216.0,"Johnson&Johnson, Moderna, Oxford/AstraZeneca, Pfizer/BioNTech"
Ireland,2021,5,9683050,51662110.0,21331940.0,7927938.0,13173.0,152882.0,41.0,"Johnson&Johnson, Moderna, Oxford/AstraZeneca, Pfizer/BioNTech"
Ireland,2021,6,14674760,72448928.0,41106342.0,8023834.0,9888.0,148851.0,57.0,"Johnson&Johnson, Moderna, Oxford/AstraZeneca, Pfizer/BioNTech"
Ireland,2021,7,26488364,93561959.0,76006734.0,8804984.0,29068.0,155490.0,37.0,"Johnson&Johnson, Moderna, Oxford/AstraZeneca, Pfizer/BioNTech"
Ireland,2021,8,26099520,111221862.0,98523534.0,10121549.0,51471.0,156988.0,57.0,"Johnson&Johnson, Moderna, Oxford/AstraZeneca, Pfizer/BioNTech"
Ireland,2021,9,28382690,113514144.0,108370012.0,11122674.0,40368.0,155083.0,157.0,"Johnson&Johnson, Moderna, Oxford/AstraZeneca, Pfizer/BioNTech"
Ireland,2021,10,37090339,114906376.0,112883147.0,12868314.0,55662.0,165110.0,187.0,"Johnson&Johnson, Moderna, Oxford/AstraZeneca, Pfizer/BioNTech"
Ireland,2021,11,31687099,116196575.0,114230704.0,15185143.0,124521.0,167105.0,216.0,"Johnson&Johnson, Moderna, Oxford/AstraZeneca, Pfizer/BioNTech"
Ireland,2021,12,44449205,121166141.0,119363947.0,20236387.0,218444.0,180276.0,260.0,"Johnson&Johnson, Moderna, Oxford/AstraZeneca, Pfizer/BioNTech"
Italy,2021,1,32724629,29516007.0,3209566.0,72917277.0,445866.0,2531790.0,14357.0,"Moderna, Pfizer/BioNTech, Johnson&Johnson, Oxford/AstraZeneca"
Italy,2021,2,89898394,54644601.0,35255184.0,76429829.0,372233.0,2622056.0,9183.0,"Moderna, Oxford/AstraZeneca, Pfizer/BioNTech, Johnson&Johnson"
Italy,2021,3,227408339,157111917.0,70300196.0,101162913.0,659634.0,3201000.0,11647.0,"Johnson&Johnson, Moderna, Oxford/AstraZeneca, Pfizer/BioNTech"
Italy,2021,4,451062478,317189962.0,134111954.0,114799462.0,437754.0,3472382.0,11461.0,"Johnson&Johnson, Moderna, Oxford/AstraZeneca, Pfizer/BioNTech"
Italy,2021,5,865980827,596964502.0,278662948.0,128520540.0,195168.0,3843395.0,5321.0,"Johnson&Johnson, Moderna, Oxford/AstraZeneca, Pfizer/BioNTech"
Italy,2021,6,1321738042,898429885.0,456499495.0,127351195.0,42088.0,3810571.0,1438.0,"Johnson&Johnson, Moderna, Oxford/AstraZeneca, Pfizer/BioNTech"
Italy,2021,7,1886416062,1134110167.0,792600103.0,132998927.0,90119.0,3962995.0,497.0,"Johnson&Johnson, Moderna, Oxford/AstraZeneca, Pfizer/BioNTech"
Italy,2021,8,2298098143,1267255597.0,1074662565.0,137830596.0,189963.0,3984943.0,1158.0,"Johnson&Johnson, Moderna, Oxford/AstraZeneca, Pfizer/BioNTech"
Italy,2021,9,2455626177,1323742343.0,1175350783.0,138507478.0,132364.0,3903526.0,1700.0,"Johnson&Johnson, Moderna, Oxford/AstraZeneca, Pfizer/BioNTech"
Italy,2021,10,2715798162,1430225719.0,1308762524.0,146263219.0,99610.0,4077480.0,1179.0,"Johnson&Johnson, Moderna, Oxford/AstraZeneca, Pfizer/BioNTech"
Italy,2021,11,2703311599,1408433131.0,1311988575.0,146467420.0,256582.0,3987145.0,1728.0,"Johnson&Johnson, Moderna, Pfizer/BioNTech, Oxford/AstraZeneca"
Italy,2021,12,2978933052,1482774412.0,1377187370.0,166814321.0,1097136.0,4198388.0,3574.0,"Johnson&Johnson, Moderna, Pfizer/BioNTech, Oxford/AstraZeneca"
Latvia,2021,1,421571,374949.0,48985.0,1678918.0,25337.0,29302.0,560.0,"Pfizer/BioNTech, Johnson&Johnson, Moderna, Oxford/AstraZeneca, Sinopharm/Beijing"
Latvia,2021,2,1167498,737652.0,431963.0,2151827.0,19945.0,40498.0,423.0,"Moderna, Oxford/AstraZeneca, Pfizer/BioNTech, Sinopharm/Beijing, Johnson&Johnson, Sinovac"
Latvia,2021,3,3176898,2577346.0,608450.0,2937772.0,16177.0,55047.0,281.0,"Moderna, Oxford/AstraZeneca, Pfizer/BioNTech, Johnson&Johnson, Sinovac, Sinopharm/Beijing"
Latvia,2021,4,6473718,5492815.0,984079.0,3303437.0,16195.0,60787.0,232.0,"Johnson&Johnson, Moderna, Oxford/AstraZeneca, Pfizer/BioNTech, Sinopharm/Beijing, Sinovac"
Latvia,2021,5,16564636,12308864.0,4444980.0,3941911.0,14641.0,70175.0,245.0,"Johnson&Johnson, Moderna, Oxford/AstraZeneca, Pfizer/BioNTech, Sinopharm/Beijing, Sinovac"
Latvia,2021,6,29412798,17330315.0,13223643.0,4081207.0,4230.0,73814.0,137.0,"Johnson&Johnson, Moderna, Oxford/AstraZeneca, Pfizer/BioNTech, Sinopharm/Beijing"
Latvia,2021,7,38334363,21240924.0,19577673.0,4281523.0,1434.0,78784.0,43.0,"Johnson&Johnson, Moderna, Oxford/AstraZeneca, Pfizer/BioNTech, Sinopharm/Beijing"
Latvia,2021,8,43431046,24257697.0,22421703.0,4353331.0,3774.0,79501.0,22.0,"Johnson&Johnson, Moderna, Oxford/AstraZeneca, Pfizer/BioNTech, Sinopharm/Beijing"
Latvia,2021,9,46629811,25986090.0,24104744.0,4478626.0,15654.0,79002.0,139.0,"Johnson&Johnson, Moderna, Oxford/AstraZeneca, Pfizer/BioNTech"
Latvia,2021,10,53082152,31939053.0,28968464.0,5739036.0,60848.0,90450.0,536.0,"Johnson&Johnson, Moderna, Oxford/AstraZeneca, Pfizer/BioNTech"
Latvia,2021,11,62020920,37067868.0,33518127.0,7202688.0,34520.0,113243.0,926.0,"Johnson&Johnson, Moderna, Oxford/AstraZeneca, Pfizer/BioNTech"
Latvia,2021,12,71276014,40272965.0,38338826.0,8213909.0,23015.0,136581.0,391.0,"Johnson&Johnson, Moderna, Pfizer/BioNTech, Oxford/AstraZeneca"
Liechtenstein,2021,1,1242,6916.0,0.0,75639.0,344.0,1558.0,9.0,"Johnson&Johnson, Moderna, Pfizer/BioNTech"
Liechtenstein,2021,2,6811,34348.0,10032.0,73120.0,83.0,1521.0,2.0,"Johnson&Johnson, Moderna, Pfizer/BioNTech"
Liechtenstein,2021,3,17510,95094.0,39367.0,83563.0,105.0,1732.0,1.0,"Johnson&Johnson, Moderna, Pfizer/BioNTech"
Liechtenstein,2021,4,48704,182635.0,97083.0,86406.0,268.0,1680.0,0.0,"Johnson&Johnson, Moderna, Pfizer/BioNTech"
Liechtenstein,2021,5,72530,341184.0,199092.0,95258.0,82.0,1765.0,1.0,"Johnson&Johnson, Moderna, Pfizer/BioNTech"
Liechtenstein,2021,6,113835,514587.0,337457.0,93548.0,28.0,1731.0,1.0,"Johnson&Johnson, Moderna, Pfizer/BioNTech"
Liechtenstein,2021,7,189308,634527.0,536634.0,97977.0,56.0,1798.0,0.0,"Johnson&Johnson, Moderna, Pfizer/BioNTech"
Liechtenstein,2021,8,167479,671687.0,621117.0,101819.0,204.0,1798.0,0.0,"Johnson&Johnson, Moderna, Pfizer/BioNTech"
Liechtenstein,2021,9,181011,712763.0,651096.0,105086.0,166.0,1740.0,0.0,"Johnson&Johnson, Moderna, Pfizer/BioNTech"
Liechtenstein,2021,10,241309,769362.0,730871.0,111531.0,105.0,1844.0,3.0,"Johnson&Johnson, Moderna, Pfizer/BioNTech"
Liechtenstein,2021,11,201439,765183.0,744552.0,121093.0,1016.0,1830.0,0.0,"Johnson&Johnson, Moderna, Pfizer/BioNTech"
Liechtenstein,2021,12,298224,805792.0,788254.0,170897.0,1453.0,2065.0,8.0,"Johnson&Johnson, Moderna, Pfizer/BioNTech"
Lithuania,2021,1,240685,1316076.0,171744.0,5173306.0,40588.0,73890.0,1012.0,"Pfizer/BioNTech, Moderna"
Lithuania,2021,2,705659,3038769.0,1595369.0,5336974.0,16602.0,85668.0,436.0,"Moderna, Pfizer/BioNTech, Oxford/AstraZeneca"
Lithuania,2021,3,1532158,8211166.0,3561330.0,6413345.0,16974.0,106016.0,330.0,"Moderna, Oxford/AstraZeneca, Pfizer/BioNTech"
Lithuania,2021,4,3909782,16041939.0,6451384.0,6935557.0,31150.0,112205.0,349.0,"Moderna, Oxford/AstraZeneca, Pfizer/BioNTech, Johnson&Johnson"
Lithuania,2021,5,5532645,26894079.0,14303382.0,8176274.0,27114.0,127296.0,343.0,"Johnson&Johnson, Moderna, Oxford/AstraZeneca, Pfizer/BioNTech"
Lithuania,2021,6,7918347,35215089.0,25068797.0,8327491.0,4386.0,130286.0,117.0,"Johnson&Johnson, Moderna, Oxford/AstraZeneca, Pfizer/BioNTech"
Lithuania,2021,7,12114962,40651389.0,36218200.0,8678716.0,4049.0,136462.0,32.0,"Johnson&Johnson, Moderna, Oxford/AstraZeneca, Pfizer/BioNTech"
Lithuania,2021,8,11314328,48322345.0,43054156.0,9005655.0,16007.0,138431.0,146.0,"Johnson&Johnson, Moderna, Oxford/AstraZeneca, Pfizer/BioNTech"
Lithuania,2021,9,12448486,51307663.0,47666888.0,9396174.0,32858.0,142610.0,432.0,"Johnson&Johnson, Moderna, Oxford/AstraZeneca, Pfizer/BioNTech"
Lithuania,2021,10,16524153,55206321.0,52441174.0,11399029.0,77032.0,167792.0,880.0,"Johnson&Johnson, Moderna, Oxford/AstraZeneca, Pfizer/BioNTech"
Lithuania,2021,11,14148380,55277864.0,52639697.0,13310642.0,61583.0,190587.0,864.0,"Johnson&Johnson, Moderna, Oxford/AstraZeneca, Pfizer/BioNTech"
Lithuania,2021,12,19741484,58812495.0,56152552.0,15397038.0,49299.0,219127.0,650.0,"Johnson&Johnson, Moderna, Oxford/AstraZeneca, Pfizer/BioNTech"
Luxembourg,2021,1,18146,110467.0,14892.0,1506358.0,3973.0,16872.0,82.0,"Pfizer/BioNTech, Moderna"
Luxembourg,2021,2,78057,450519.0,146514.0,1482434.0,4722.0,17094.0,60.0,"Moderna, Oxford/AstraZeneca, Pfizer/BioNTech"
Luxembourg,2021,3,217075,1301673.0,452995.0,1807017.0,6532.0,21542.0,109.0,"Moderna, Oxford/AstraZeneca, Pfizer/BioNTech"
Luxembourg,2021,4,708490,2992236.0,324539.0,1934308.0,5563.0,23280.0,50.0,"Moderna, Oxford/AstraZeneca, Pfizer/BioNTech, Johnson&Johnson"
Luxembourg,2021,5,1123298,5576624.0,0.0,2135012.0,2727.0,25003.0,19.0,"Johnson&Johnson, Moderna, Oxford/AstraZeneca, Pfizer/BioNTech"
Luxembourg,2021,6,1763029,7695091.0,0.0,2112721.0,855.0,24539.0,3.0,"Johnson&Johnson, Moderna, Oxford/AstraZeneca, Pfizer/BioNTech"
Luxembourg,2021,7,3074229,11288968.0,0.0,2249994.0,3083.0,25418.0,4.0,"Johnson&Johnson, Moderna, Oxford/AstraZeneca, Pfizer/BioNTech"
Luxembourg,2021,8,2780225,11206563.0,0.0,2317984.0,1890.0,25649.0,8.0,"Johnson&Johnson, Moderna, Oxford/AstraZeneca, Pfizer/BioNTech"
Luxembourg,2021,9,2857486,12404738.0,0.0,2310622.0,2459.0,25003.0,5.0,"Johnson&Johnson, Moderna, Oxford/AstraZeneca, Pfizer/BioNTech"
Luxembourg,2021,10,3704195,12319426.0,0.0,2475951.0,3464.0,26010.0,8.0,"Johnson&Johnson, Moderna, Oxford/AstraZeneca, Pfizer/BioNTech"
Luxembourg,2021,11,3185408,13241837.0,0.0,2554104.0,7498.0,25731.0,32.0,"Johnson&Johnson, Moderna, Oxford/AstraZeneca, Pfizer/BioNTech"
Luxembourg,2021,12,4616358,14151384.0,0.0,2965040.0,14585.0,27793.0,40.0,"Johnson&Johnson, Moderna, Oxford/AstraZeneca, Pfizer/BioNTech"
Malta,2021,1,61066,261400.0,19341.0,476588.0,5129.0,7450.0,48.0,"Pfizer/BioNTech, Oxford/AstraZeneca, Moderna"
Malta,2021,2,247951,1047302.0,446031.0,559054.0,4579.0,8202.0,48.0,"Moderna, Oxford/AstraZeneca, Pfizer/BioNTech, Johnson&Johnson"
Malta,2021,3,639221,2840208.0,1274082.0,823697.0,6551.0,11033.0,77.0,"Moderna, Oxford/AstraZeneca, Pfizer/BioNTech, Johnson&Johnson"
Malta,2021,4,1492449,5613720.0,2439372.0,893451.0,1259.0,12166.0,21.0,"Moderna, Oxford/AstraZeneca, Pfizer/BioNTech, Johnson&Johnson"
Malta,2021,5,1930709,8724639.0,4704442.0,944429.0,243.0,12933.0,6.0,"Johnson&Johnson, Moderna, Oxford/AstraZeneca, Pfizer/BioNTech"
Malta,2021,6,2529356,10283410.0,8146490.0,917530.0,88.0,12583.0,1.0,"Johnson&Johnson, Moderna, Oxford/AstraZeneca, Pfizer/BioNTech"
Malta,2021,7,3665370,11794210.0,11059200.0,997617.0,3672.0,13036.0,3.0,"Johnson&Johnson, Moderna, Oxford/AstraZeneca, Pfizer/BioNTech"
Malta,2021,8,3137353,12653108.0,12497512.0,1095777.0,1876.0,13380.0,18.0,"Johnson&Johnson, Moderna, Oxford/AstraZeneca, Pfizer/BioNTech"
Malta,2021,9,3195114,11275866.0,11255516.0,1104365.0,978.0,13514.0,16.0,"Johnson&Johnson, Moderna, Oxford/AstraZeneca, Pfizer/BioNTech"
Malta,2021,10,4177820,10243929.0,10217501.0,1160270.0,504.0,14238.0,4.0,"Johnson&Johnson, Moderna, Oxford/AstraZeneca, Pfizer/BioNTech"
Malta,2021,11,3565963,13006671.0,12921258.0,1151917.0,1782.0,13902.0,7.0,"Johnson&Johnson, Moderna, Oxford/AstraZeneca, Pfizer/BioNTech"
Malta,2021,12,4987819,13593949.0,13462719.0,1325636.0,13038.0,14609.0,8.0,"Johnson&Johnson, Moderna, Oxford/AstraZeneca, Pfizer/BioNTech"
Netherlands,2021,1,628289,625915.0,2430.0,28178901.0,176896.0,399171.0,2566.0,"Johnson&Johnson, Moderna, Novavax, Oxford/AstraZeneca, Pfizer/BioNTech"
Netherlands,2021,2,3779373,3214095.0,565602.0,29069896.0,110993.0,416349.0,1565.0,"Johnson&Johnson, Moderna, Novavax, Oxford/AstraZeneca, Pfizer/BioNTech"
Netherlands,2021,3,8288019,6224675.0,2064272.0,36639813.0,188081.0,500361.0,975.0,"Johnson&Johnson, Moderna, Novavax, Oxford/AstraZeneca, Pfizer/BioNTech"
Netherlands,2021,4,21608770,12067159.0,3837787.0,41859474.0,221747.0,506606.0,610.0,"Johnson&Johnson, Moderna, Novavax, Oxford/AstraZeneca, Pfizer/BioNTech"
Netherlands,2021,5,32332817,28356993.0,10343317.0,49499487.0,149857.0,541160.0,476.0,"Johnson&Johnson, Moderna, Novavax, Oxford/AstraZeneca, Pfizer/BioNTech"
Netherlands,2021,6,52412320,34722265.0,19521585.0,50298269.0,34249.0,532218.0,127.0,"Johnson&Johnson, Moderna, Novavax, Oxford/AstraZeneca, Pfizer/BioNTech"
Netherlands,2021,7,94663822,58853895.0,39522021.0,55246705.0,182142.0,552202.0,83.0,"Johnson&Johnson, Moderna, Novavax, Oxford/AstraZeneca, Pfizer/BioNTech"
Netherlands,2021,8,89475884,49880998.0,42734505.0,59215988.0,77016.0,556667.0,200.0,"Johnson&Johnson, Moderna, Novavax, Oxford/AstraZeneca, Pfizer/BioNTech"
Netherlands,2021,9,93266995,50854260.0,45623722.0,59467799.0,61445.0,544610.0,175.0,"Johnson&Johnson, Moderna, Novavax, Oxford/AstraZeneca, Pfizer/BioNTech"
Netherlands,2021,10,119331538,64769427.0,58629979.0,63886144.0,135194.0,568304.0,250.0,"Johnson&Johnson, Moderna, Novavax, Oxford/AstraZeneca, Pfizer/BioNTech"
Netherlands,2021,11,97719012,52742666.0,47848390.0,71254138.0,522039.0,567284.0,1003.0,"Johnson&Johnson, Moderna, Novavax, Oxford/AstraZeneca, Pfizer/BioNTech"
Netherlands,2021,12,135163392,53199447.0,48680737.0,91222535.0,487233.0,630325.0,1510.0,"Johnson&Johnson, Moderna, Novavax, Oxford/AstraZeneca, Pfizer/BioNTech"
Norway,2021,1,293390,1628813.0,115522.0,1785238.0,13399.0,15756.0,128.0,"Pfizer/BioNTech, Moderna, Oxford/AstraZeneca"
Norway,2021,2,1471166,6874633.0,2436626.0,1873818.0,8040.0,16705.0,58.0,"Moderna, Oxford/AstraZeneca, Pfizer/BioNTech"
Norway,2021,3,3078056,15473804.0,7989806.0,2572627.0,25073.0,19951.0,51.0,"Johnson&Johnson, Moderna, Oxford/AstraZeneca, Pfizer/BioNTech"
Norway,2021,4,7016486,30822180.0,9670905.0,3171867.0,16891.0,21206.0,83.0,"Johnson&Johnson, Moderna, Oxford/AstraZeneca, Pfizer/BioNTech"
Norway,2021,5,9385876,48900301.0,20938377.0,3700511.0,12146.0,23980.0,27.0,"Johnson&Johnson, Moderna, Oxford/AstraZeneca, Pfizer/BioNTech"
Norway,2021,6,14169650,63755751.0,41893491.0,3857167.0,6200.0,23667.0,12.0,"Johnson&Johnson, Moderna, Oxford/AstraZeneca, Pfizer/BioNTech"
Norway,2021,7,24732112,99674366.0,52234817.0,4160862.0,6311.0,24697.0,5.0,"Johnson&Johnson, Moderna, Oxford/AstraZeneca, Pfizer/BioNTech"
Norway,2021,8,25053519,117289304.0,74092169.0,4537873.0,22547.0,25058.0,15.0,"Johnson&Johnson, Moderna, Oxford/AstraZeneca, Pfizer/BioNTech"
Norway,2021,9,30171690,121374610.0,105131354.0,5344459.0,29257.0,25105.0,47.0,"Johnson&Johnson, Moderna, Oxford/AstraZeneca, Pfizer/BioNTech"
Norway,2021,10,39902613,130298421.0,115335108.0,6108770.0,17849.0,27347.0,39.0,"Johnson&Johnson, Moderna, Oxford/AstraZeneca, Pfizer/BioNTech"
Norway,2021,11,33450181,127011501.0,113894592.0,7025480.0,60563.0,29248.0,155.0,"Johnson&Johnson, Moderna, Oxford/AstraZeneca, Pfizer/BioNTech"
Norway,2021,12,46939689,132467246.0,120847765.0,10381817.0,126416.0,36758.0,251.0,"Johnson&Johnson, Moderna, Oxford/AstraZeneca, Pfizer/BioNTech"
Poland,2021,1,2636336,14282083.0,1342383.0,43986631.0,218507.0,1021601.0,8626.0,"Johnson&Johnson, Moderna, Oxford/AstraZeneca, Pfizer/BioNTech"
Poland,2021,2,10045737,34711607.0,15635244.0,44741606.0,193601.0,1140187.0,6589.0,"Johnson&Johnson, Moderna, Oxford/AstraZeneca, Pfizer/BioNTech"
Poland,2021,3,19612759,74286971.0,39940373.0,61090282.0,614731.0,1487529.0,9276.0,"Johnson&Johnson, Moderna, Oxford/AstraZeneca, Pfizer/BioNTech"
Poland,2021,4,45892829,125204788.0,46327226.0,78591316.0,470425.0,1817472.0,14457.0,"Johnson&Johnson, Moderna, Oxford/AstraZeneca, Pfizer/BioNTech"
Poland,2021,5,67854172,314595315.0,131320278.0,88232622.0,80141.0,2210036.0,6243.0,"Johnson&Johnson, Moderna, Oxford/AstraZeneca, Pfizer/BioNTech"
Poland,2021,6,100900204,436568914.0,287142044.0,86322708.0,7629.0,2237645.0,1276.0,"Johnson&Johnson, Moderna, Oxford/AstraZeneca, Pfizer/BioNTech"
Poland,2021,7,158355916,476705671.0,424688149.0,89320869.0,3027.0,2330636.0,240.0,"Johnson&Johnson, Moderna, Oxford/AstraZeneca, Pfizer/BioNTech"
Poland,2021,8,137332357,490422383.0,473358694.0,89453978.0,5731.0,2334398.0,84.0,"Johnson&Johnson, Moderna, Oxford/AstraZeneca, Pfizer/BioNTech"
Poland,2021,9,141435033,489306943.0,478773130.0,86892034.0,18401.0,2264120.0,305.0,"Johnson&Johnson, Moderna, Oxford/AstraZeneca, Pfizer/BioNTech"
Poland,2021,10,183391264,380883916.0,375093676.0,91361038.0,118176.0,2361067.0,1349.0,"Johnson&Johnson, Moderna, Oxford/AstraZeneca, Pfizer/BioNTech"
Poland,2021,11,154279759,512723333.0,504358980.0,97603827.0,514814.0,2391227.0,6584.0,"Johnson&Johnson, Moderna, Novavax, Oxford/AstraZeneca, Pfizer/BioNTech"
Poland,2021,12,215519778,531661304.0,560560166.0,120216939.0,568154.0,2798438.0,13471.0,"Johnson&Johnson, Moderna, Novavax, Oxford/AstraZeneca, Pfizer/BioNTech"
Portugal,2021,1,902964,3244611.0,272337.0,17049576.0,306838.0,281499.0,5576.0,"Johnson&Johnson, Moderna, Pfizer/BioNTech, Sinopharm/Beijing, Oxford/AstraZeneca, Sinovac"
Portugal,2021,2,2710231,11210754.0,5408886.0,21832473.0,84046.0,421699.0,3835.0,"Johnson&Johnson, Moderna, Oxford/AstraZeneca, Pfizer/BioNTech, Sinopharm/Beijing, Sinovac, Covaxin"
Portugal,2021,3,5581904,28345542.0,12514543.0,25249953.0,17160.0,516947.0,531.0,"Johnson&Johnson, Moderna, Oxford/AstraZeneca, Pfizer/BioNTech, Sinopharm/Beijing, Sinovac, Covaxin"
Portugal,2021,4,13699359,54709356.0,21036861.0,24884086.0,14771.0,507843.0,126.0,"Johnson&Johnson, Moderna, Oxford/AstraZeneca, Pfizer/BioNTech, Sinopharm/Beijing, Sinovac, Covaxin"
Portugal,2021,5,20061517,100875871.0,43265538.0,26115035.0,12600.0,527125.0,51.0,"Johnson&Johnson, Moderna, Oxford/AstraZeneca, Pfizer/BioNTech, Sinopharm/Beijing, Sinovac, Covaxin"
Portugal,2021,6,29789114,135007705.0,80046439.0,25847071.0,30464.0,511680.0,71.0,"Johnson&Johnson, Moderna, Oxford/AstraZeneca, Pfizer/BioNTech, Sinopharm/Beijing, Sinovac, Covaxin"
Portugal,2021,7,55238003,152048462.0,117756430.0,28649499.0,89074.0,533398.0,265.0,"Johnson&Johnson, Moderna, Oxford/AstraZeneca, Pfizer/BioNTech, Sinopharm/Beijing, Sinovac, Covaxin"
Portugal,2021,8,55126246,236172267.0,211629385.0,31154126.0,69296.0,544552.0,382.0,"Johnson&Johnson, Moderna, Oxford/AstraZeneca, Pfizer/BioNTech, Sinopharm/Beijing, Sinovac, Covaxin"
Portugal,2021,9,59556067,159027170.0,147327863.0,31722785.0,31352.0,536358.0,232.0,"Johnson&Johnson, Moderna, Oxford/AstraZeneca, Pfizer/BioNTech, Sinopharm/Beijing, Sinovac"
Portugal,2021,10,76642883,35977918.0,35231491.0,33465710.0,21372.0,560451.0,182.0,"Johnson&Johnson, Moderna, Oxford/AstraZeneca, Pfizer/BioNTech, Sinopharm/Beijing, Sinovac"
Portugal,2021,11,64432745,36276458.0,44687169.0,33407248.0,56598.0,548484.0,284.0,"Johnson&Johnson, Moderna, Oxford/AstraZeneca, Pfizer/BioNTech, Sinopharm/Beijing, Sinovac"
Portugal,2021,12,89597131,37022298.0,280402657.0,37986669.0,242397.0,580237.0,514.0,"Johnson&Johnson, Moderna, Oxford/AstraZeneca, Pfizer/BioNTech, Sinopharm/Beijing, Sinovac"
Romania,2021,1,8329266,7773250.0,556016.0,21284511.0,96480.0,531027.0,2568.0,Pfizer/BioNTech
Romania,2021,2,31550206,20369193.0,11400073.0,21393593.0,73251.0,543576.0,2015.0,"Pfizer/BioNTech, Moderna, Oxford/AstraZeneca"
Romania,2021,3,70370058,46786647.0,23802471.0,27072367.0,150809.0,675852.0,3188.0,"Oxford/AstraZeneca, Pfizer/BioNTech, Moderna"
Romania,2021,4,122756141,76840177.0,45915964.0,30490112.0,102462.0,776365.0,4571.0,"Moderna, Oxford/AstraZeneca, Pfizer/BioNTech"
Romania,2021,5,205892749,119795337.0,87356719.0,33171681.0,22472.0,912082.0,2203.0,"Moderna, Oxford/AstraZeneca, Pfizer/BioNTech, Johnson&Johnson"
Romania,2021,6,256414641,136736305.0,126324958.0,32392059.0,3055.0,958788.0,3474.0,"Johnson&Johnson, Moderna, Oxford/AstraZeneca, Pfizer/BioNTech"
Romania,2021,7,276161133,150794983.0,146090855.0,33532173.0,2397.0,1059684.0,495.0,"Johnson&Johnson, Moderna, Oxford/AstraZeneca, Pfizer/BioNTech"
Romania,2021,8,297602883,158973834.0,155174959.0,33754375.0,15576.0,1065823.0,289.0,"Johnson&Johnson, Moderna, Oxford/AstraZeneca, Pfizer/BioNTech"
Romania,2021,9,297865532,144215510.0,157315760.0,34337334.0,134903.0,1063049.0,2471.0,"Johnson&Johnson, Moderna, Oxford/AstraZeneca, Pfizer/BioNTech"
Romania,2021,10,349372648,0.0,177542015.0,44801532.0,414363.0,1296342.0,10710.0,"Johnson&Johnson, Moderna, Oxford/AstraZeneca, Pfizer/BioNTech"
Romania,2021,11,392186542,0.0,207381038.0,52125668.0,131636.0,1594760.0,8778.0,"Johnson&Johnson, Moderna, Oxford/AstraZeneca, Pfizer/BioNTech"
Romania,2021,12,466698946,0.0,237788266.0,55657693.0,29224.0,1794588.0,2223.0,"Johnson&Johnson, Moderna, Pfizer/BioNTech, Oxford/AstraZeneca"
Slovakia,2021,1,343575,515443.0,45313.0,11181095.0,161413.0,106072.0,2504.0,"Pfizer/BioNTech, Moderna"
Slovakia,2021,2,1336335,1187480.0,477906.0,14364977.0,152655.0,165803.0,2547.0,"Moderna, Oxford/AstraZeneca, Pfizer/BioNTech"
Slovakia,2021,3,2898009,2378165.0,995178.0,20383434.0,119205.0,266399.0,2530.0,"Moderna, Oxford/AstraZeneca, Pfizer/BioNTech, Sputnik V"
Slovakia,2021,4,6584810,3962908.0,1601096.0,22040345.0,46202.0,325476.0,1965.0,"Moderna, Oxford/AstraZeneca, Pfizer/BioNTech, Johnson&Johnson"
Slovakia,2021,5,8777062,7697926.0,3897642.0,23711548.0,16930.0,376330.0,659.0,"Moderna, Oxford/AstraZeneca, Pfizer/BioNTech, Johnson&Johnson"
Slovakia,2021,6,12677227,7869008.0,5814719.0,23210464.0,4003.0,373570.0,167.0,"Johnson&Johnson, Moderna, Oxford/AstraZeneca, Pfizer/BioNTech, Sputnik V"
Slovakia,2021,7,20049728,8820529.0,7794975.0,24045132.0,1433.0,388266.0,30.0,"Johnson&Johnson, Moderna, Oxford/AstraZeneca, Pfizer/BioNTech, Sputnik V"
Slovakia,2021,8,17569217,11753926.0,11079124.0,24113804.0,3323.0,388883.0,8.0,"Johnson&Johnson, Moderna, Oxford/AstraZeneca, Pfizer/BioNTech, Sputnik V"
Slovakia,2021,9,17273542,9743015.0,9402210.0,23676572.0,24605.0,377169.0,89.0,"Johnson&Johnson, Moderna, Oxford/AstraZeneca, Pfizer/BioNTech, Sputnik V"
Slovakia,2021,10,22427046,12498490.0,12138287.0,26061417.0,94554.0,397437.0,397.0,"Johnson&Johnson, Moderna, Oxford/AstraZeneca, Pfizer/BioNTech"
Slovakia,2021,11,16806743,10513802.0,10062168.0,30761240.0,271274.0,409421.0,1384.0,"Johnson&Johnson, Moderna, Pfizer/BioNTech"
Slovakia,2021,12,24778049,10940973.0,10439911.0,40230720.0,200882.0,485920.0,2217.0,"Johnson&Johnson, Moderna, Pfizer/BioNTech, Sputnik V"
Slovenia,2021,1,219310,1250746.0,196409.0,4541774.0,44321.0,97524.0,806.0,"Pfizer/BioNTech, Moderna"
Slovenia,2021,2,528788,2259256.0,1343409.0,5025008.0,23608.0,103734.0,333.0,"Moderna, Pfizer/BioNTech, Oxford/AstraZeneca"
Slovenia,2021,3,1080997,5657801.0,2782357.0,6272871.0,25521.0,122325.0,211.0,"Moderna, Oxford/AstraZeneca, Pfizer/BioNTech"
Slovenia,2021,4,2573780,10783964.0,4432923.0,6883212.0,24690.0,124415.0,203.0,"Moderna, Oxford/AstraZeneca, Pfizer/BioNTech, Johnson&Johnson"
Slovenia,2021,5,3548440,17403309.0,9466100.0,7706414.0,13430.0,133985.0,125.0,"Johnson&Johnson, Moderna, Oxford/AstraZeneca, Pfizer/BioNTech"
Slovenia,2021,6,5245331,23571497.0,17211209.0,7690069.0,3613.0,132112.0,44.0,"Johnson&Johnson, Moderna, Oxford/AstraZeneca, Pfizer/BioNTech"
Slovenia,2021,7,7954427,27560517.0,24162799.0,8002110.0,1880.0,137157.0,10.0,"Johnson&Johnson, Moderna, Oxford/AstraZeneca, Pfizer/BioNTech"
Slovenia,2021,8,7072878,30545017.0,27517918.0,8131082.0,7983.0,137537.0,21.0,"Johnson&Johnson, Moderna, Oxford/AstraZeneca, Pfizer/BioNTech"
Slovenia,2021,9,7753655,32883993.0,29482713.0,8398786.0,26166.0,134754.0,111.0,"Johnson&Johnson, Moderna, Oxford/AstraZeneca, Pfizer/BioNTech"
Slovenia,2021,10,10671224,36534362.0,33725906.0,9612742.0,42486.0,143964.0,184.0,"Johnson&Johnson, Moderna, Oxford/AstraZeneca, Pfizer/BioNTech"
Slovenia,2021,11,9500347,36360179.0,33959054.0,11452020.0,85048.0,149141.0,479.0,"Johnson&Johnson, Moderna, Oxford/AstraZeneca, Pfizer/BioNTech"
Slovenia,2021,12,12747310,38500641.0,36371286.0,13773534.0,43150.0,168657.0,365.0,"Moderna, Oxford/AstraZeneca, Pfizer/BioNTech, Johnson&Johnson"
Spain,2021,1,4264206,15819111.0,1332788.0,71180786.0,814854.0,1671602.0,7482.0,"Johnson&Johnson, Moderna, Oxford/AstraZeneca, Pfizer/BioNTech"
Spain,2021,2,11914245,32936326.0,19610900.0,85568038.0,445434.0,1817907.0,10823.0,"Johnson&Johnson, Moderna, Oxford/AstraZeneca, Pfizer/BioNTech"
Spain,2021,3,24774643,82523100.0,39059915.0,99280629.0,170147.0,2253421.0,6317.0,"Johnson&Johnson, Moderna, Oxford/AstraZeneca, Pfizer/BioNTech"
Spain,2021,4,65133054,190947281.0,75784763.0,101966198.0,239724.0,2304772.0,2757.0,"Johnson&Johnson, Moderna, Oxford/AstraZeneca, Pfizer/BioNTech"
Spain,2021,5,94372238,336325602.0,158538410.0,111828043.0,154313.0,2457179.0,1737.0,"Johnson&Johnson, Moderna, Oxford/AstraZeneca, Pfizer/BioNTech"
Spain,2021,6,140886012,487773735.0,299598633.0,112315945.0,130570.0,2415566.0,922.0,"Johnson&Johnson, Moderna, Oxford/AstraZeneca, Pfizer/BioNTech"
Spain,2021,7,255891511,609909043.0,487095238.0,127176133.0,638084.0,2514636.0,611.0,"Johnson&Johnson, Moderna, Oxford/AstraZeneca, Pfizer/BioNTech"
Spain,2021,8,250785297,797208992.0,694499821.0,145741563.0,408021.0,2566714.0,2854.0,"Johnson&Johnson, Moderna, Oxford/AstraZeneca, Pfizer/BioNTech"
Spain,2021,9,275845913,820560943.0,782508326.0,147560360.0,104026.0,2567702.0,2075.0,"Johnson&Johnson, Moderna, Oxford/AstraZeneca, Pfizer/BioNTech"
Spain,2021,10,356645150,795831239.0,778560925.0,154564729.0,52057.0,2695412.0,953.0,"Johnson&Johnson, Moderna, Oxford/AstraZeneca, Pfizer/BioNTech"
Spain,2021,11,299547355,763944377.0,749907932.0,152079399.0,153036.0,2631569.0,684.0,"Johnson&Johnson, Moderna, Oxford/AstraZeneca, Pfizer/BioNTech"
Spain,2021,12,416985123,700159634.0,679807615.0,171026150.0,1130644.0,2748437.0,1353.0,"Johnson&Johnson, Moderna, Oxford/AstraZeneca, Pfizer/BioNTech"
Sweden,2021,1,685454,603289.0,39961.0,15946013.0,129578.0,315602.0,2864.0,"Moderna, Novavax, Oxford/AstraZeneca, Pfizer/BioNTech"
Sweden,2021,2,2369260,1628587.0,741477.0,17201658.0,90352.0,347461.0,1235.0,"Moderna, Novavax, Oxford/AstraZeneca, Pfizer/BioNTech"
Sweden,2021,3,5150481,3593995.0,1558033.0,22569251.0,147577.0,408718.0,639.0,"Moderna, Novavax, Oxford/AstraZeneca, Pfizer/BioNTech"
Sweden,2021,4,13230096,7131984.0,2614852.0,26658585.0,168718.0,412253.0,583.0,"Moderna, Novavax, Oxford/AstraZeneca, Pfizer/BioNTech"
Sweden,2021,5,18440953,16507853.0,5423465.0,32025515.0,94869.0,442639.0,403.0,"Moderna, Novavax, Oxford/AstraZeneca, Pfizer/BioNTech"
Sweden,2021,6,27789007,17718403.0,10076027.0,32498568.0,21517.0,437067.0,178.0,"Moderna, Novavax, Oxford/AstraZeneca, Pfizer/BioNTech"
Sweden,2021,7,48779953,23207519.0,14917585.0,33929227.0,10050.0,453986.0,30.0,"Moderna, Novavax, Oxford/AstraZeneca, Pfizer/BioNTech"
Sweden,2021,8,46911246,33113053.0,24789670.0,34482960.0,26773.0,454630.0,37.0,"Moderna, Novavax, Oxford/AstraZeneca, Pfizer/BioNTech"
Sweden,2021,9,52446888,27995785.0,25173098.0,34241906.0,26073.0,442653.0,172.0,"Moderna, Novavax, Oxford/AstraZeneca, Pfizer/BioNTech"
Sweden,2021,10,68874230,36152641.0,33847038.0,36023728.0,18626.0,463370.0,161.0,"Moderna, Novavax, Oxford/AstraZeneca, Pfizer/BioNTech"
Sweden,2021,11,58424766,29819231.0,28000845.0,35575143.0,33347.0,452824.0,126.0,"Moderna, Novavax, Oxford/AstraZeneca, Pfizer/BioNTech"
Sweden,2021,12,81010426,30515435.0,29067250.0,38709278.0,109925.0,471919.0,159.0,"Moderna, Novavax, Oxford/AstraZeneca, Pfizer/BioNTech"
Switzerland,2021,1,3844126,3692393.0,107272.0,15277220.0,69024.0,273630.0,1650.0,"Johnson&Johnson, Moderna, Pfizer/BioNTech"
Switzerland,2021,2,16221039,12520314.0,3531876.0,15173740.0,33612.0,275223.0,580.0,"Johnson&Johnson, Moderna, Pfizer/BioNTech"
Switzerland,2021,3,36920599,23178348.0,13345024.0,17873268.0,46192.0,314914.0,281.0,"Johnson&Johnson, Moderna, Pfizer/BioNTech"
Switzerland,2021,4,63099014,39588569.0,22958037.0,18901590.0,58850.0,312954.0,258.0,"Johnson&Johnson, Moderna, Pfizer/BioNTech"
Switzerland,2021,5,120581724,77550053.0,42811903.0,21072727.0,34766.0,330027.0,157.0,"Johnson&Johnson, Moderna, Pfizer/BioNTech"
Switzerland,2021,6,192510251,115851640.0,77810282.0,21010449.0,8264.0,322540.0,63.0,"Johnson&Johnson, Moderna, Pfizer/BioNTech"
Switzerland,2021,7,261029110,141872671.0,121779993.0,21972863.0,14661.0,334153.0,20.0,"Johnson&Johnson, Moderna, Pfizer/BioNTech"
Switzerland,2021,8,289343287,151069282.0,141520546.0,23065259.0,62001.0,335654.0,106.0,"Johnson&Johnson, Moderna, Pfizer/BioNTech"
Switzerland,2021,9,302068273,159684989.0,146750721.0,24451970.0,60697.0,329614.0,192.0,"Johnson&Johnson, Moderna, Pfizer/BioNTech"
Switzerland,2021,10,335727374,175719010.0,165770975.0,26537685.0,32195.0,345883.0,157.0,"Johnson&Johnson, Moderna, Pfizer/BioNTech"
Switzerland,2021,11,343143565,174265110.0,169649790.0,27887830.0,142104.0,340723.0,288.0,"Johnson&Johnson, Moderna, Pfizer/BioNTech"
Switzerland,2021,12,401819007,183680264.0,179382413.0,36003249.0,317953.0,367944.0,699.0,"Johnson&Johnson, Moderna, Pfizer/BioNTech"
United States,2021,1,328127931,506555707.0,89072419.0,733760250.0,6146762.0,12355042.0,96256.0,"Moderna, Pfizer/BioNTech"
United States,2021,2,1412626490,1216177223.0,515269544.0,776826860.0,2409457.0,13534272.0,65319.0,"Moderna, Pfizer/BioNTech"
United States,2021,3,3466717801,2553119167.0,1438204134.0,919638939.0,1815394.0,16517474.0,36605.0,"Moderna, Pfizer/BioNTech, Johnson&Johnson"
United States,2021,4,5969036579,4029056114.0,2709302087.0,947647414.0,1888958.0,16827629.0,23803.0,"Johnson&Johnson, Moderna, Pfizer/BioNTech"
United States,2021,5,8112431402,5074437492.0,4133589002.0,1023413847.0,924303.0,18034404.0,18362.0,"Johnson&Johnson, Moderna, Pfizer/BioNTech"
United States,2021,6,9348744939,5359914783.0,4681804887.0,1007921189.0,400355.0,17890958.0,10508.0,"Johnson&Johnson, Moderna, Pfizer/BioNTech"
United States,2021,7,10099337369,5804232229.0,5161450583.0,1061497516.0,1324025.0,18748283.0,8750.0,"Johnson&Johnson, Moderna, Pfizer/BioNTech"
United States,2021,8,11077438253,6196886768.0,5407599076.0,1151015478.0,4282826.0,19252182.0,27949.0,"Johnson&Johnson, Moderna, Pfizer/BioNTech"
United States,2021,9,10715038404,6326280244.0,5551490444.0,1250234436.0,4143306.0,19984632.0,58725.0,"Johnson&Johnson, Moderna, Pfizer/BioNTech"
United States,2021,10,11806209903,6763886606.0,5985883657.0,1392848618.0,2509315.0,22383645.0,47772.0,"Johnson&Johnson, Moderna, Pfizer/BioNTech"
United States,2021,11,10998155762,6835839625.0,5949915645.0,1419745070.0,2548214.0,22881184.0,34370.0,"Johnson&Johnson, Moderna, Pfizer/BioNTech"
United States,2021,12,13110163851,7411171310.0,6372939423.0,1578110436.0,6251607.0,24884594.0,46065.0,"Johnson&Johnson, Moderna, Pfizer/BioNTech"
